feature,mean_abs_shap
time_step,0.265926966383832
n_readouts,0.1664914632600601
Spec_7,0.10959297597522047
Spec_6,0.029181645361191468
recent_frac_158_9,0.0217073769540876
life_rate_158_0,0.02164260444868595
life_rate_397_12,0.02007729741757148
life_frac_397_12,0.018308187196201274
life_rate_309_0,0.018065123801912185
win_rate_158_9,0.016782939280168812
Spec_1,0.01636692452550143
life_frac_167_0,0.016176705538729373
life_frac_272_5,0.015422810114115032
life_frac_158_0,0.014773288341617537
life_frac_158_9,0.01424287443165881
recent_frac_397_12,0.013547017565014334
life_rate_167_4,0.013100971010317935
life_frac_397_0,0.01189857392649428
life_rate_459_19,0.011762540657880016
win_rate_397_12,0.011561686647211036
life_rate_158_9,0.010424105578548146
life_rate_397_29,0.010308607771842252
life_frac_167_4,0.00997276872426508
life_rate_397_8,0.009767081276196073
life_rate_291_4,0.009491997628998933
life_frac_459_19,0.008892863953901247
life_frac_397_24,0.008488185840270189
win_rate_158_0,0.008463107423204753
recent_frac_397_0,0.008340407870979524
recent_frac_158_3,0.008228000852829053
life_frac_291_3,0.00813606425609571
life_rate_272_7,0.007774501134564006
win_rate_397_29,0.007645966079588681
recent_frac_158_2,0.007595803428162055
life_rate_167_0,0.007525965394143276
life_frac_397_29,0.0074823517954351725
life_rate_167_1,0.0073481186502529685
life_frac_397_23,0.007233153766379478
life_frac_167_1,0.007174088277925357
life_rate_291_8,0.007152367223843349
life_rate_459_14,0.007094283757125132
life_rate_397_6,0.007090341060590758
life_frac_397_30,0.007059668189948203
life_rate_397_30,0.006932336513317497
life_frac_397_15,0.006932190609602297
life_frac_291_4,0.0067674048280518566
life_frac_397_31,0.006517857505320956
life_rate_459_1,0.006367092046664895
life_rate_837_0,0.006291619677936475
recent_frac_158_0,0.006087076438519476
life_rate_158_6,0.005765519290591664
recent_frac_397_29,0.005683621392854738
life_rate_397_14,0.005653083293290901
life_frac_397_10,0.005389854756364886
life_rate_397_10,0.005356389332196336
life_frac_397_2,0.005313377254160877
life_frac_272_7,0.005271607108083927
life_rate_459_15,0.005270090789975435
life_frac_459_16,0.005248723402506781
life_rate_397_27,0.005115926786482974
life_frac_158_4,0.0051056911747804825
life_rate_291_3,0.005070607128307067
life_frac_397_22,0.005065174120534963
life_rate_397_21,0.005017308001742566
life_frac_397_28,0.004993791106217488
life_frac_291_0,0.00496175074671294
life_frac_459_15,0.004900093275790246
life_rate_397_24,0.004856189537533636
life_frac_397_6,0.00482919616036349
life_frac_459_14,0.004738671420046766
Spec_2,0.004731454212230243
life_frac_459_1,0.004702534928018078
life_rate_397_0,0.00466898491829429
life_rate_167_9,0.004598837568215069
dt_prev,0.004554500781058616
life_frac_397_17,0.004546554004301489
life_rate_272_5,0.004541115278960318
life_rate_291_5,0.0044926472620738876
life_rate_666_0,0.004431257648749996
life_rate_291_7,0.00432311299652684
Spec_3,0.004310456417536029
life_frac_397_27,0.004279969949610324
life_rate_158_1,0.004277743971258516
life_frac_397_8,0.0042522226393575955
recent_frac_397_6,0.004208463007065586
life_frac_167_5,0.004193873876779757
Spec_5,0.003998538182843314
life_frac_291_2,0.0039871498866267735
life_frac_291_9,0.0039535707050216366
life_rate_291_0,0.003850395159914825
life_frac_397_21,0.0038318187534413894
life_frac_397_14,0.003764387283174156
life_rate_459_0,0.003759593164107726
life_rate_171_0,0.0036838529038819502
life_rate_459_11,0.003669055252181453
life_rate_158_7,0.0036606532903902676
life_frac_397_20,0.0036394809481969915
win_rate_397_6,0.0036178822042243187
win_rate_158_3,0.003617774139327765
life_rate_459_16,0.0036065658408695107
life_rate_397_23,0.003586921296718692
life_frac_167_9,0.0035433379564242537
recent_frac_459_16,0.003539079259190076
life_frac_167_7,0.0035241625362252803
life_rate_272_2,0.003484048506369936
life_frac_291_7,0.003427161357868815
life_frac_167_8,0.0033996176598424612
life_frac_291_8,0.003348482451182745
life_frac_291_6,0.0033475687227990675
life_frac_397_7,0.0033372312240235397
life_frac_459_18,0.0033359418659545215
life_frac_459_12,0.0032890052711045978
win_rate_397_0,0.003259862836540272
life_frac_158_6,0.0032592749729589104
life_frac_158_2,0.003233293248942104
life_rate_397_31,0.0032264162127528706
life_rate_272_6,0.003191209433355502
life_frac_158_3,0.003166791963346497
life_frac_397_26,0.003146844192977193
life_frac_397_13,0.003125141254403138
life_frac_167_2,0.003025975518054753
life_rate_370_0,0.0029955031472572347
life_frac_459_11,0.0029937722708533944
life_frac_158_1,0.0029911821311077585
life_frac_167_6,0.0029575550305097668
life_frac_397_33,0.002917425894923232
life_frac_397_16,0.002877642249549857
life_frac_459_5,0.0028744307938955403
life_rate_397_17,0.002837378121595004
life_frac_397_5,0.002826498400995668
win_rate_397_8,0.002813947929168366
life_frac_272_3,0.0027854863401885503
life_frac_397_18,0.002752403799999066
life_frac_291_5,0.0027315295032404887
life_rate_291_6,0.002711800042099651
life_rate_167_6,0.0026787546644376496
win_rate_309_0,0.0026676586523839145
life_rate_397_28,0.0026386275147841495
life_frac_272_4,0.0026033392562331424
life_frac_397_25,0.0025568353254255684
life_frac_459_10,0.002548904988995325
life_frac_158_8,0.002542956035887684
life_frac_158_7,0.0025399626882654843
life_frac_272_2,0.0025242910528747733
life_frac_397_11,0.002455101667004137
life_frac_397_32,0.002441781429568328
life_rate_397_34,0.0024146079511776974
life_frac_158_5,0.0024118302497354808
life_frac_459_13,0.0023881234295101733
life_frac_459_0,0.0023796508047024064
life_rate_459_3,0.0023611749596128126
life_frac_397_4,0.0023581035762419256
win_rate_459_14,0.002342063396073171
life_rate_167_7,0.0023403561775093926
life_rate_291_1,0.002336408930627166
life_frac_397_19,0.002323158873250709
life_rate_272_4,0.0023039987674538624
life_frac_291_1,0.0022686533453765896
life_frac_459_9,0.002265471327574375
recent_frac_397_33,0.0022514825632235576
life_frac_167_3,0.002247374088330508
life_rate_397_11,0.002239521175670792
recent_frac_158_8,0.002234381412921047
life_rate_459_18,0.0021836920775917083
life_rate_291_10,0.002182554965441493
life_rate_158_8,0.002156189603420242
life_frac_397_9,0.002112416471949585
life_rate_459_4,0.0020847059317113345
life_frac_459_6,0.0020716395704872517
life_rate_272_3,0.002050922507384953
life_rate_397_20,0.0020439628999532394
recent_frac_291_9,0.0020233276744295848
win_rate_837_0,0.002006730284639776
recent_frac_459_18,0.002004029764561165
life_rate_459_5,0.002002278500911544
life_rate_459_9,0.0019666855520517022
life_frac_397_3,0.0019654385557976444
recent_frac_158_4,0.001962229360569731
life_rate_272_8,0.0019554218899943006
life_rate_397_2,0.0019517144094570583
life_frac_459_7,0.0019374145917438557
life_frac_291_10,0.0019161892370814547
life_rate_397_35,0.0019068795308631189
recent_frac_397_35,0.0018936748148659617
life_frac_397_34,0.0018927553458546532
recent_frac_272_5,0.0018761950540585276
life_rate_459_17,0.0018686741483810829
life_frac_397_35,0.0018500418332963232
life_rate_397_3,0.0018416700581605123
life_rate_272_0,0.0018345805973944895
life_rate_459_2,0.0018142280855876838
recent_frac_397_8,0.001813785405639983
life_rate_397_4,0.0018117572910825417
life_rate_397_32,0.0018083979831794751
life_frac_272_6,0.0017951115119778436
recent_frac_397_27,0.0017876071793253108
recent_frac_397_4,0.0017793164815642247
life_frac_272_1,0.001775901546273355
life_rate_459_10,0.001736587222676286
life_rate_397_26,0.0017178301894295144
life_rate_158_3,0.0017155281543748849
life_rate_397_18,0.0017131037260633768
recent_frac_397_25,0.0017015278026419084
win_rate_459_0,0.0017013932717405225
life_rate_100_0,0.001691692917813046
life_rate_397_13,0.001681225370377962
life_frac_459_8,0.0016696089636529731
life_rate_167_2,0.0016464044379128817
recent_frac_459_13,0.0016311527475832317
recent_frac_397_26,0.0016267949853441875
recent_frac_459_17,0.0016267002207063642
recent_frac_459_14,0.0016248085385577422
life_rate_167_3,0.001617275934241041
life_frac_397_1,0.0016025177386832469
recent_frac_397_31,0.0015875129284408111
life_frac_459_4,0.001573760937027948
life_frac_272_0,0.0015612967395308532
life_rate_272_1,0.0015572222301681942
life_rate_158_2,0.0015499073125528156
life_rate_167_5,0.0015452098039778481
life_rate_459_8,0.0015449134147636533
life_rate_167_8,0.0015110220023446983
life_frac_459_2,0.0015060886478222917
recent_frac_272_4,0.0015047996193013164
life_rate_397_5,0.0015029443968100449
life_rate_397_7,0.0015005999678680188
life_rate_158_4,0.001492474418756801
win_rate_397_18,0.001475458075569914
recent_frac_397_18,0.0014243643089760691
life_rate_459_12,0.0014152969164899717
recent_frac_167_6,0.0014104002069318584
life_rate_291_9,0.0013933834320738808
win_rate_459_17,0.001383304538775752
life_frac_459_17,0.0013653586834862796
win_rate_459_19,0.0013451541786309552
life_rate_459_6,0.0013110835179090128
life_rate_397_9,0.0013077809993611701
life_rate_397_33,0.0012898658025941175
win_rate_459_18,0.0012680354521401576
life_rate_397_22,0.0012652454592170887
recent_frac_158_7,0.0012476292022419904
win_rate_459_15,0.0012231894921876962
life_rate_397_25,0.0012139235043480423
recent_frac_397_32,0.0012101750100442588
life_rate_835_0,0.0012040986662304124
life_rate_397_15,0.0011981092018687632
win_rate_459_8,0.0011758042147827733
win_rate_397_15,0.0011660117830428003
recent_frac_459_10,0.0011456099046760926
recent_frac_397_24,0.001138415102243921
win_rate_291_8,0.0011222087129857032
recent_frac_272_7,0.0011172820466616175
life_rate_291_2,0.0011081577953239135
win_rate_100_0,0.0010954284532181302
life_rate_397_16,0.0010947092112647049
recent_frac_291_6,0.0010782476255684044
recent_frac_397_3,0.001067356573537564
recent_frac_459_19,0.0010642457712381473
life_frac_459_3,0.0010508725412211406
life_rate_459_7,0.0010363727777117622
life_rate_397_19,0.001023459430326405
life_rate_427_0,0.0010031731457950505
recent_frac_459_9,0.0009953202359895008
life_rate_397_1,0.0009562529060826244
win_rate_666_0,0.0009447977080571426
win_rate_397_2,0.000916957491631599
recent_frac_397_14,0.0009068383830207447
win_rate_459_16,0.0008810632102525007
win_rate_397_10,0.0008799589911306811
recent_frac_397_19,0.0008654870894294414
recent_frac_459_12,0.0008644633318742581
recent_frac_459_15,0.000850424175785151
life_rate_459_13,0.000829783324770017
win_rate_370_0,0.000823818074562035
recent_frac_459_4,0.000822977861870523
life_rate_158_5,0.0008134689880291275
recent_frac_459_11,0.0008048861582267329
recent_frac_291_3,0.0007849001748186949
recent_frac_397_13,0.0007846374438489592
win_rate_272_4,0.0007755928164324241
recent_frac_397_2,0.0007542719682791069
recent_frac_291_0,0.0007475843766965259
win_rate_397_14,0.0007457227728253018
win_rate_459_1,0.000745506983838766
win_rate_158_1,0.0007381254016537723
life_frac_272_8,0.0007376930003348359
win_rate_158_8,0.0007220329518387676
win_rate_397_24,0.0007200616345340142
recent_frac_397_21,0.0007069983165687885
win_rate_158_7,0.0006712095241090091
recent_frac_167_4,0.0006699363714292729
recent_frac_397_28,0.0006579543602627894
recent_frac_291_7,0.0006552736258989329
win_rate_397_25,0.0006483705017303848
recent_frac_158_1,0.0006433382880388191
recent_frac_397_22,0.0006416584535361224
recent_frac_291_10,0.0006387698247727025
win_rate_291_3,0.0006193517441524531
recent_frac_291_4,0.0006190391515182625
recent_frac_397_1,0.0006107229765990404
recent_frac_291_8,0.0005829852642418222
win_rate_167_1,0.0005769418746698578
win_rate_397_1,0.0005753630944853686
win_rate_291_7,0.0005591262894374607
win_rate_397_32,0.0005406699125618611
win_rate_397_33,0.0005381831368625803
recent_frac_459_6,0.0005350207758932734
win_rate_397_3,0.0005262142255953192
win_rate_397_27,0.0005165118729770085
win_rate_397_13,0.0005100552365833721
win_rate_397_34,0.0005038585346341433
win_rate_397_35,0.0005005134908637843
recent_frac_291_2,0.000491348846221106
recent_frac_291_5,0.0004905671060388803
recent_frac_397_17,0.000490283327464318
win_rate_291_4,0.00046879610583217446
win_rate_272_5,0.0004601475714358724
recent_frac_291_1,0.0004489845474370723
life_rate_272_9,0.0004447501298062545
recent_frac_459_3,0.00043961641780582204
recent_frac_397_20,0.0004362463388115047
win_rate_397_21,0.0004308928624314666
win_rate_397_23,0.00041517825863029496
win_rate_158_4,0.000404427137021239
recent_frac_167_3,0.000380737096000206
win_rate_459_7,0.0003733986478195302
recent_frac_397_5,0.00037316820732385676
win_rate_397_31,0.00036754255425750084
recent_frac_397_30,0.0003592786647787153
win_rate_291_10,0.00035906679236897404
win_rate_291_2,0.0003481804956546905
recent_frac_397_15,0.0003410101165164904
win_rate_397_9,0.00033804039672074
win_rate_291_5,0.00032844113934071655
recent_frac_397_11,0.000325630727383431
recent_frac_459_1,0.0003190488662909276
recent_frac_167_8,0.00031846073175469407
recent_frac_397_9,0.0003091182296432403
recent_frac_459_8,0.000308911959200977
recent_frac_272_3,0.000299859665388866
win_rate_397_28,0.0002985696831405477
win_rate_167_2,0.00029103909219883346
recent_frac_397_34,0.0002753465671791542
recent_frac_397_10,0.00027359234699209426
recent_frac_167_0,0.0002652350510838789
win_rate_397_5,0.00026175501525382307
recent_frac_459_0,0.00025603844227446905
win_rate_397_30,0.0002508063503338349
recent_frac_397_16,0.00025070209412114116
win_rate_459_10,0.0002497693589256875
win_rate_272_8,0.00024658616435003
Spec_4,0.00024468587271466835
win_rate_459_9,0.0002363006122416125
win_rate_272_0,0.00022948810780689668
win_rate_291_9,0.0002288410416003711
win_rate_171_0,0.00021279791347262063
win_rate_397_26,0.00021112346281538226
recent_frac_167_1,0.00020576900540796776
recent_frac_397_7,0.00019505513821519344
win_rate_291_0,0.00019474917153656
win_rate_459_4,0.00019351536078936063
recent_frac_272_0,0.0001909754974943988
Spec_0,0.00018453041295052227
recent_frac_158_6,0.0001840075665547249
recent_frac_158_5,0.00018316308180796174
win_rate_397_16,0.00017817362823196436
win_rate_272_9,0.00017594309536617009
win_rate_459_12,0.00017387871975588147
win_rate_167_4,0.00016955285553308096
win_rate_397_11,0.00016717791937980762
win_rate_459_11,0.00016128447482424406
win_rate_459_13,0.00015681812006526294
win_rate_291_1,0.00015381234942190422
recent_frac_167_5,0.00015211660093576108
win_rate_167_7,0.0001519690397567252
win_rate_158_2,0.00015176559431197376
win_rate_397_20,0.00014566933433183903
recent_frac_272_9,0.00014299172215037864
win_rate_459_2,0.0001422973140823555
win_rate_272_3,0.00013729913532427445
recent_frac_459_2,0.00013625880145652915
recent_frac_167_7,0.00013573541477073956
win_rate_397_17,0.00013561511585131382
recent_frac_272_8,0.00013218691908241929
recent_frac_459_7,0.00012239475766341606
win_rate_397_7,0.00010830872808801953
recent_frac_272_2,0.00010588065327198623
win_rate_397_19,9.795604871236857e-05
win_rate_272_7,8.601713935779116e-05
recent_frac_397_23,8.510977769610604e-05
win_rate_272_2,8.350071781524118e-05
win_rate_427_0,8.227968096898053e-05
win_rate_835_0,8.212603001126822e-05
win_rate_397_4,7.156662786525467e-05
win_rate_397_22,6.434798171689091e-05
win_rate_272_6,6.187352839350641e-05
win_rate_167_0,5.830925474344163e-05
win_rate_272_1,5.595305854439965e-05
win_rate_167_3,4.450691055285279e-05
life_frac_272_9,3.828989180567245e-05
recent_frac_459_5,3.1105770905317116e-05
win_rate_167_6,2.7738884188790213e-05
win_rate_167_9,2.518984414014612e-05
recent_frac_167_2,2.3557938809697864e-05
win_rate_158_6,2.2629113171804725e-05
win_rate_158_5,1.8233206148496266e-05
recent_frac_272_1,1.3030268195460361e-05
recent_frac_272_6,8.551789094750019e-06
recent_frac_167_9,7.359071742244606e-06
win_rate_291_6,6.985401825603868e-06
win_rate_459_6,0.0
win_rate_459_5,0.0
win_rate_459_3,0.0
win_rate_167_8,0.0
win_rate_167_5,0.0
